Metadata for sheet = Data.all.23665. ,
20-Jan-23,
"Total of 23,664 records, each for one county, borough, or Federal administrative unit in one year.",
Includes 3775 records with SPB trapping (SPB.trapping = 1).,
"Includes 18,551 records with spot data (Spots0.data = 1)",
Includes 3612 records for which predictions were possible (Valid-for-prediction = 1),
Includes 3339 records with predictions and records of resulting spots (Predictions-and-outcome = 1),
"Includes 19,889 records with spot data but no trapping data (SPB.trapping = 0 and Spots.data=1).",
"Compared to what was available for download from spbpredict.com in January 2022, the data frame includes 19,889 more records with spot data but no trapping data. There were also some corrections, most notably to Clerids.1.",
This data frame has passed QAQC by Matt Ayres in January 2022. ,
"For all columns, data that are missing or not applicable are represented by an empty field.",
,
ColumnName,Description
State,State
State.2,State abbreviation
County-or-Federal,County or Federal administrative unit
County,"County or Parish name if applicable or ""mixture"" for federal lands (usually Ranger Districts) that cross boundaries of counties or parishes. "
FIPS,FIPS state and county codes
FederalName.2020,Name of federal land as in Survey123 as of 2020
FederalName.old,Name of federal land that has historically been used in SPB southwide trapping program (usually a Ranger District).
FederalName.older,An older name of federal land that has historically been used in SPB southwide trapping program (usually a Ranger District). 
Year,Year of trapping 
SPB.trapping,Was there SPB trapping in this place in this year? 0 = no. 1 = yes.
Valid-for-prediction,"Is there basis for a prediction? 0 = no. 1 = yes. (""Yes"" requires that SPB.trapping = 1, and that spots.1 and spots.2 are numbers)."
Spots0.data,Were there spot counts for this year in this place? 0 = no. 1 = yes.
Prediction-and-outcome,"Were there both predictions and spot data for this year in this location? 0 = no, 1 = yes (requires that Valid-for-prediction = 1 and Spots0.data = 1)"
Endobrevicomin,Endobrevicomin included in trapping? 0 = no. 1 = yes. All no during 1988 - 2009
totalTrappingDays,Total number of trap days for this county or forest in this year
trapCount,Total number of traps for this county or forest in this year
days-per-trap,Average number of days / trap (totalTrappingDays / trapCount)
TotalSPB,"Total SPB captured in this county or forest in this year (= SPB.14days.orig / 14  ? totalTrappingDays; or, if trap counts and trap days are not available, estimated as = 3 + 4.7 * SPB.14days.orig from empirical linear regression of total SPB vs TotalSPB)"
SPB.14days.orig,Number of SPB captured per trap per 14 days. 
SPB.14days.corrected,"SPB.14days.orig corrected for years when no endobrevicomin was used. Then, orig x 10 (per Brian Sullivan)"
Clerids.14days,Number of clerids captured per trap per 14 days. NA = not available.
Clerids.1,Number of clerids captured per trap per 14 years in this location last year. 
Spots.0,"Number of local infestations of southern pine beetles (""spots"") in year of trapping within county, parish, or ranger district"
Spots.1,"Number of local infestations of southern pine beetles (""spots"") in year previous to trapping within county, parish, or ranger district"
Spots.2,"Number of local infestations of southern pine beetles (""spots"") two years previous to trapping within county, parish, or ranger district"
pi,Parameter estimated by zero inflated poisson model
mu,Parameter estimated by zero inflated poisson model
expSpots_if_spots,Expected number of spots if there are spots
ProbSpots.GT.0,"Predicted probability of any beetle spots in the year of trapping within the county, parish, or ranger district."
ProbSpots.GT.20,Estimated probability of > 20 spots
ProbSpots.GT.50,Estimated probability of > 50 spots
ProbSpots.GT.150,Estimated probability of > 150 spots
ProbSpots.GT.400,Estimated probability of > 400 spots
ProbSpots.GT.1000,Estimated probability of > 1000 spots
ln(SPBcorrected+1),Natural logarithm of (SPB.14days.corrected + 1). Used for averaging trap captures across locations or years (because trap captures have a log-normal distribution)
ln(clerids+1),Natural logarithm of (Clerids.14days + 1). Used for averaging trap captures across locations or years (because trap captures have a log-normal distribution)
ln(spots+1),Natural logarithm of (Spots.0 + 1). Used for averaging spot numbers across locations or years (because spots have a log-normal distribution)
logit(Prob>50),logit transformation of ProbSpots.GT.50. Used for averaging of predicted probabilities across locations or years. Calculated as ln(P/(1-P)) where P = ProbSpots.GT.50. [Equation for back-tranformation: P = e^(logit) / (1+e^(logit)) ]
pred.Spots.logUnits,Predicted number of spots in units of natural logarithm. Calculated as 0.129 + 6.743 (ProbSpots.GT.50). Based on linear regression of ln(spots+1) vs. ProbSpots.GT.50 for 3522 observations from 1988 - 2000.
pred.Spots.origUnits,Back-transformation of predicted spots. Calculated as e^(Pred.Spots.logUnits)-1
residualSpots.logUnits,Difference between observed and predicted number of spots. Calculated as ln(spots+1) - pred.Spots.logUnits
